<?xml version="1.0" encoding="UTF-8"?>

<mule xmlns:dw="http://www.mulesoft.org/schema/mule/ee/dw" xmlns:ws="http://www.mulesoft.org/schema/mule/ws" xmlns:metadata="http://www.mulesoft.org/schema/mule/metadata" xmlns:http="http://www.mulesoft.org/schema/mule/http" xmlns:tracking="http://www.mulesoft.org/schema/mule/ee/tracking" xmlns="http://www.mulesoft.org/schema/mule/core" xmlns:doc="http://www.mulesoft.org/schema/mule/documentation"
	xmlns:spring="http://www.springframework.org/schema/beans" 
	xmlns:xsi="http://www.w3.org/2001/XMLSchema-instance"
	xsi:schemaLocation="http://www.springframework.org/schema/beans http://www.springframework.org/schema/beans/spring-beans-current.xsd
http://www.mulesoft.org/schema/mule/core http://www.mulesoft.org/schema/mule/core/current/mule.xsd
http://www.mulesoft.org/schema/mule/ws http://www.mulesoft.org/schema/mule/ws/current/mule-ws.xsd
http://www.mulesoft.org/schema/mule/http http://www.mulesoft.org/schema/mule/http/current/mule-http.xsd
http://www.mulesoft.org/schema/mule/ee/tracking http://www.mulesoft.org/schema/mule/ee/tracking/current/mule-tracking-ee.xsd
http://www.mulesoft.org/schema/mule/ee/dw http://www.mulesoft.org/schema/mule/ee/dw/current/dw.xsd">
    <http:listener-config name="HTTP_Listener_Configuration" host="0.0.0.0" port="8081" doc:name="HTTP Listener Configuration"/>
    <ws:consumer-config name="Delta_Web_Service_Consumer" wsdlLocation="http://mu.mulesoft-training.com/essentials/delta?wsdl" service="TicketServiceService" port="TicketServicePort" serviceAddress="http://mule-worker-training-u.cloudhub.io:8081/essentials/delta" doc:name="Web Service Consumer"/>
    <sub-flow name="SetCodeSubflow">
        <set-variable variableName="code" value="#[(message.inboundProperties.'http.query.params'.code == empty) ?'SFO' : message.inboundProperties.'http.query.params'.code]" doc:name="Set airport code variable"/>
    </sub-flow>
    <flow name="getDeltaFlightsFlow">
        <http:listener config-ref="HTTP_Listener_Configuration" path="/delta" allowedMethods="GET" doc:name="HTTP"/>
        <flow-ref name="SetCodeSubflow" doc:name="SetCodeSubflow"/>
        <dw:transform-message doc:name="Transform Message">
            <dw:set-payload><![CDATA[%dw 1.0
%output application/xml
%namespace ns0 http://soap.training.mulesoft.com/
---
{
	ns0#findFlight: {
		destination: flowVars.code as :string
	}
}]]></dw:set-payload>
        </dw:transform-message>
        <ws:consumer config-ref="Delta_Web_Service_Consumer" operation="findFlight" doc:name="Delta SOAP Request"/>
        <dw:transform-message doc:name="Transform Message" metadata:id="6c223652-1241-48fd-9021-2bf4f97e6eb3">
            <dw:set-payload><![CDATA[%dw 1.0
%output application/json
%namespace ns0 http://soap.training.mulesoft.com/
---
payload.ns0#findFlightResponse.*return map ((return , indexOfReturn) -> {
	airline: return.airlineName,
	flightCode: return.code,
	fromAirportCode: return.origin,
	toAirportCode: return.destination,
	departureDate: return.departureDate,
	emptySeats: return.emptySeats,
	price: return.price,
	planeType: return.planeType
})]]></dw:set-payload>
        </dw:transform-message>
        <logger level="INFO" doc:name="Logger"/>
        <choice-exception-strategy doc:name="Copy_of_Choice Exception Strategy">
            <catch-exception-strategy when="#[exception.causeMatches('com.mulesoft.weave.*')]" doc:name="Copy_of_No flights &#8211;DW exception">
                <set-payload value="DATA IS UNAVAILABLE. TRY LATER. #['\n' + exception]" doc:name="Copy_of_Set Payload"/>
                <set-property propertyName="http.status" value="500" doc:name="Copy_of_Property"/>
                <logger level="INFO" doc:name="Copy_of_Logger"/>
            </catch-exception-strategy>
            <catch-exception-strategy doc:name="Copy_of_Data unavailable &#8211; all other exceptions">
                <set-payload value="DATA IS UNAVAILABLE. TRY LATER. #['\n' + exception]" doc:name="Copy_of_Set Payload"/>
                <properties-transformer doc:name="Copy_of_Property"/>
                <logger level="INFO" doc:name="Copy_of_Logger"/>
            </catch-exception-strategy>
        </choice-exception-strategy>
    </flow>
</mule>
