<?xml version="1.0" encoding="UTF-8"?>

<mule xmlns:http="http://www.mulesoft.org/schema/mule/http" xmlns:tracking="http://www.mulesoft.org/schema/mule/ee/tracking" xmlns="http://www.mulesoft.org/schema/mule/core" xmlns:doc="http://www.mulesoft.org/schema/mule/documentation"
	xmlns:spring="http://www.springframework.org/schema/beans" 
	xmlns:xsi="http://www.w3.org/2001/XMLSchema-instance"
	xsi:schemaLocation="http://www.springframework.org/schema/beans http://www.springframework.org/schema/beans/spring-beans-current.xsd
http://www.mulesoft.org/schema/mule/core http://www.mulesoft.org/schema/mule/core/current/mule.xsd
http://www.mulesoft.org/schema/mule/http http://www.mulesoft.org/schema/mule/http/current/mule-http.xsd
http://www.mulesoft.org/schema/mule/ee/tracking http://www.mulesoft.org/schema/mule/ee/tracking/current/mule-tracking-ee.xsd">
    <http:listener-config name="HTTP_Listener_Configuration" host="0.0.0.0" port="8081" doc:name="HTTP Listener Configuration"/>
    <flow name="walkthrough7-1Flow">
        <http:listener config-ref="HTTP_Listener_Configuration" path="/hello" allowedMethods="GET" doc:name="HTTP"/>
        <flow-ref name="Sub_Flow1" doc:name="subflow1"/>
        <flow-ref name="Sub_Flow2" doc:name="subflow2"/>
        <flow-ref name="Flow2" doc:name="flow2"/>
        <logger message="#[message.outboundProperties.qpname] Type: #[flowVars.qptype] Color: #[sessionVars.color]" level="INFO" doc:name="Logger"/>
    </flow>
    <flow name="Flow2">
        <set-payload value="GoodBye" doc:name="Set Payload"/>
        <logger level="INFO" doc:name="Logger"/>
    </flow>
    <sub-flow name="Sub_Flow1">
        <set-payload value="#['Hello world'.toUpperCase()]" doc:name="Set Payload"/>
        <set-property propertyName="qpname" value="#[message.inboundProperties.'http.query.params'.name]" doc:name="Property"/>
    </sub-flow>
    <sub-flow name="Sub_Flow2">
        <set-variable variableName="qptype" value="#[message.inboundProperties.'http.query.params'.type]" doc:name="Variable"/>
        <set-session-variable variableName="color" value="gray" doc:name="Session Variable"/>
    </sub-flow>
</mule>
