<?xml version="1.0" encoding="UTF-8"?>

<mule xmlns:json="http://www.mulesoft.org/schema/mule/json" xmlns:amqp="http://www.mulesoft.org/schema/mule/amqp" xmlns:cluster="http://www.mulesoft.org/schema/mule/ee/cluster" xmlns:http="http://www.mulesoft.org/schema/mule/http"
	xmlns:db="http://www.mulesoft.org/schema/mule/db" xmlns:context="http://www.springframework.org/schema/context" xmlns="http://www.mulesoft.org/schema/mule/core" xmlns:doc="http://www.mulesoft.org/schema/mule/documentation"
	xmlns:spring="http://www.springframework.org/schema/beans" 
	xmlns:xsi="http://www.w3.org/2001/XMLSchema-instance"
	xsi:schemaLocation="http://www.mulesoft.org/schema/mule/http http://www.mulesoft.org/schema/mule/http/current/mule-http.xsd
http://www.springframework.org/schema/beans http://www.springframework.org/schema/beans/spring-beans-current.xsd
http://www.mulesoft.org/schema/mule/core http://www.mulesoft.org/schema/mule/core/current/mule.xsd
http://www.springframework.org/schema/context http://www.springframework.org/schema/context/spring-context-current.xsd
http://www.mulesoft.org/schema/mule/db http://www.mulesoft.org/schema/mule/db/current/mule-db.xsd
http://www.mulesoft.org/schema/mule/amqp http://www.mulesoft.org/schema/mule/amqp/current/mule-amqp.xsd
http://www.mulesoft.org/schema/mule/json http://www.mulesoft.org/schema/mule/json/current/mule-json.xsd">
<http:listener-config name="bankStatementDetails-httpListenerConfig" host="0.0.0.0" port="8081" doc:name="HTTP Listener Configuration"/>
    <context:property-placeholder location="examples-${env}.properties"/>
    <db:mysql-config name="MySQL_Configuration" host="${db.host}" port="${db.port}" user="${db.user}" password="${db.password}" database="${db.database}" doc:name="MySQL Configuration"/>
    <amqp:connector name="AMQP_0_9_Connector" validateConnections="true" host="woodpecker.rmq.cloudamqp.com" virtualHost="gtqiyfja" username="gtqiyfja" password="Y1nicdsqeyK8ndmnH0TeWGWrzdRXglpp" doc:name="AMQP-0-9 Connector"/>
    <!-- <configuration defaultExceptionStrategy-ref="Choice_Exception_Strategy" doc:name="Configuration">
        <http:config useTransportForUris="false"/>
    </configuration> -->
    
     <choice-exception-strategy name="Choice_Exception_Strategy">
            <catch-exception-strategy when="#[exception.causedBy(java.lang.IllegalArgumentException)]" doc:name="Length Check">
                <set-property propertyName="http.status" value="400" doc:name="Property" mimeType="application/json"/>
            <set-payload value="{
   &quot;code&quot;: #[message.outboundProperties['http.status']],
   &quot;message&quot; : &quot;#[exception.message]&quot;
}" doc:name="Set Payload"/>
            <json:object-to-json-transformer mimeType="application/json" doc:name="Object to JSON"/>
            </catch-exception-strategy>
            <catch-exception-strategy when="#[exception.causedBy(org.mule.extension.validation.api.MultipleValidationException)]" doc:name="Empty And Pattern Check">
                <set-property propertyName="http.status" value="400" doc:name="Property" mimeType="application/json"/>
            <set-payload value="{
   &quot;code&quot;: #[message.outboundProperties['http.status']],
   &quot;message&quot; : &quot;#[exception.message]&quot;
}" doc:name="Set Payload"/>
            <json:object-to-json-transformer mimeType="application/json" doc:name="Object to JSON"/>
            </catch-exception-strategy>
            <catch-exception-strategy when="#[exception.causedBy(java.util.NoSuchElementException)]" doc:name="Data Not Available">
                <set-payload value="{
   &quot;code&quot;: 404,
   &quot;message&quot; : &quot;#[exception.message]&quot;
}" doc:name="Set Payload"/>
                <set-property propertyName="http.status" value="404" doc:name="Property"/>
                <logger level="INFO" doc:name="Logger"/>
            </catch-exception-strategy>
        </choice-exception-strategy>
   
        
</mule>
