<?xml version="1.0" encoding="UTF-8"?>

<mule xmlns:dw="http://www.mulesoft.org/schema/mule/ee/dw" xmlns:metadata="http://www.mulesoft.org/schema/mule/metadata" xmlns:tracking="http://www.mulesoft.org/schema/mule/ee/tracking" xmlns:http="http://www.mulesoft.org/schema/mule/http" xmlns="http://www.mulesoft.org/schema/mule/core" xmlns:doc="http://www.mulesoft.org/schema/mule/documentation"
	xmlns:spring="http://www.springframework.org/schema/beans" 
	xmlns:xsi="http://www.w3.org/2001/XMLSchema-instance"
	xsi:schemaLocation="http://www.springframework.org/schema/beans http://www.springframework.org/schema/beans/spring-beans-current.xsd
http://www.mulesoft.org/schema/mule/core http://www.mulesoft.org/schema/mule/core/current/mule.xsd
http://www.mulesoft.org/schema/mule/http http://www.mulesoft.org/schema/mule/http/current/mule-http.xsd
http://www.mulesoft.org/schema/mule/ee/tracking http://www.mulesoft.org/schema/mule/ee/tracking/current/mule-tracking-ee.xsd
http://www.mulesoft.org/schema/mule/ee/dw http://www.mulesoft.org/schema/mule/ee/dw/current/dw.xsd">
    <flow name="implementationFlow">
        <http:listener config-ref="HTTP_Listener_Configuration" path="/united" allowedMethods="GET" doc:name="HTTP"/>
        <set-variable variableName="code" value="#[(message.inboundProperties.'http.query.params'.code == empty) ?'SFO' : message.inboundProperties.'http.query.params'.code]" doc:name="Variable"/>
        <http:request config-ref="United_REST_Request_Configuration" path="/essentials/united/flights/{destination}" method="GET" doc:name="United REST Request" metadata:id="84468a3d-07e1-4753-a6f9-d741d090e677">
            <http:request-builder>
                <http:uri-param paramName="destination" value="#[flowVars.code]"/>
            </http:request-builder>
        </http:request>
        <dw:transform-message doc:name="Transform Message" metadata:id="2dc7c4c2-a126-4493-8a0a-f9c60775bb5b">
            <dw:set-payload><![CDATA[%dw 1.0
%output application/json
---
payload.flights map ((flight , indexOfFlight) -> {
	airline: flight.airlineName,
	flightCode: flight.code,
	fromAirportCode: flight.origin,
	toAirportCode: flight.destination,
	departureDate: flight.departureDate,
	emptySeats: flight.emptySeats,
	price: flight.price,
	planeType: flight.planeType
})]]></dw:set-payload>
        </dw:transform-message>
        <logger message="test" level="INFO" doc:name="Logger"/>
    </flow>
</mule>
