<?xml version="1.0" encoding="UTF-8"?>

<mule xmlns:http="http://www.mulesoft.org/schema/mule/http" xmlns:tracking="http://www.mulesoft.org/schema/mule/ee/tracking" xmlns="http://www.mulesoft.org/schema/mule/core" xmlns:doc="http://www.mulesoft.org/schema/mule/documentation"
	xmlns:spring="http://www.springframework.org/schema/beans" 
	xmlns:xsi="http://www.w3.org/2001/XMLSchema-instance"
	xsi:schemaLocation="http://www.springframework.org/schema/beans http://www.springframework.org/schema/beans/spring-beans-current.xsd
http://www.mulesoft.org/schema/mule/core http://www.mulesoft.org/schema/mule/core/current/mule.xsd
http://www.mulesoft.org/schema/mule/http http://www.mulesoft.org/schema/mule/http/current/mule-http.xsd
http://www.mulesoft.org/schema/mule/ee/tracking http://www.mulesoft.org/schema/mule/ee/tracking/current/mule-tracking-ee.xsd">
    <flow name="getFlightsFlow">
        <http:listener config-ref="HTTP_Listener_Configuration" path="/flights" allowedMethods="GET" doc:name="HTTP"/>
        <set-variable variableName="airline" value="#[message.inboundProperties.'http.query.params'.airline]" doc:name="Set airline variable"/>
        <choice doc:name="Choice">
            <when expression="#[flowVars.airline == &quot;delta&quot;]">
                <flow-ref name="get:/flights:mua-flights-api-config" doc:name="getDeltaFlightsFlow"/>
            </when>
            <when expression="#[flowVars.airline == &quot;united&quot;]">
                <flow-ref name="" doc:name="getUnitedFlightsFlow"/>
            </when>
            <when expression="#[flowVars.airline == &quot;american&quot;]">
                <flow-ref name="" doc:name="getAmericanFlightsFlow"/>
            </when>
            <otherwise>
                <logger level="INFO" doc:name="Logger"/>
            </otherwise>
        </choice>
        <logger level="INFO" doc:name="Logger"/>
    </flow>
</mule>
