<?xml version="1.0" encoding="UTF-8"?>

<mule xmlns:dw="http://www.mulesoft.org/schema/mule/ee/dw" xmlns:json="http://www.mulesoft.org/schema/mule/json" xmlns:metadata="http://www.mulesoft.org/schema/mule/metadata" xmlns:http="http://www.mulesoft.org/schema/mule/http" xmlns="http://www.mulesoft.org/schema/mule/core" xmlns:doc="http://www.mulesoft.org/schema/mule/documentation"
	xmlns:spring="http://www.springframework.org/schema/beans" 
	xmlns:xsi="http://www.w3.org/2001/XMLSchema-instance"
	xsi:schemaLocation="http://www.springframework.org/schema/beans http://www.springframework.org/schema/beans/spring-beans-current.xsd
http://www.mulesoft.org/schema/mule/core http://www.mulesoft.org/schema/mule/core/current/mule.xsd
http://www.mulesoft.org/schema/mule/http http://www.mulesoft.org/schema/mule/http/current/mule-http.xsd
http://www.mulesoft.org/schema/mule/json http://www.mulesoft.org/schema/mule/json/current/mule-json.xsd
http://www.mulesoft.org/schema/mule/ee/dw http://www.mulesoft.org/schema/mule/ee/dw/current/dw.xsd">
    <http:request-config name="American_HTTP_Request_Configuration" host="training-american-ws.cloudhub.io" port="80" basePath="/api/" doc:name="HTTP Request Configuration">
        <http:raml-api-configuration location="https://anypoint.mulesoft.com/exchange/api/v1/organizations/68ef9520-24e9-4cf2-b2f5-620025690913/assets/68ef9520-24e9-4cf2-b2f5-620025690913/training-american-flights-api/1.0.2/api/root"/>
    </http:request-config>
    <sub-flow name="setCodeSubflow">
        <set-variable variableName="code" value="#[(message.inboundProperties.'http.query.params'.code == empty) ?'SFO' : message.inboundProperties.'http.query.params'.code]" doc:name="Variable"/>
    </sub-flow>
    <flow name="implementationFlow">
        <http:listener config-ref="HTTP_Listener_Configuration" path="/american" doc:name="HTTP" allowedMethods="GET"/>
        <flow-ref name="setCodeSubflow" doc:name="setCodeSubflow"/>
        <http:request config-ref="American_HTTP_Request_Configuration" path="/flights" method="GET" doc:name="American Rest Request">
            <http:request-builder>
                <http:query-param paramName="destination" value="#[flowVars.code]"/>
            </http:request-builder>
        </http:request>
        <logger level="INFO" doc:name="Logger"/>
    </flow>
</mule>
