{
    "inputMessageMetadata": {
        "messagePayload": {
            "connectorName": "#_custom_mule_metadata_type_#",
            "typeId": "flights_json"
        }
    },
    "outputMessageMetadata": {
        "messagePayload": {
            "model": {
                "connectorName": "#_custom_mule_metadata_type_#",
                "typeId": "Flight_pojo"
            },
            "isArray": false,
            "dataType": "LIST",
            "metaDataModelPropertiesManager": {
                "properties": []
            }
        }
    },
    "id": "8551094c-c52d-4996-8290-0aa6b383f50a",
    "version": "5.2.0.0"
}